<?xml version="1.0" encoding="UTF-8"?><omtg-conceptual-schema xsi:noNamespaceSchemaLocation="omtg-schema-template.xsd" xmlns:xsi="http://www.w3.org/2001/XMLSchema-instance"><classes><class><name>Areas</name><top>340</top><left>280</left><type>planar-subdivision</type><attributes><attribute><name>NumArea</name><type>INTEGER</type><key>true</key></attribute></attributes></class><class><name>Municipios</name><top>0</top><left>0</left><type>polygon</type><attributes><attribute><name>numMunicipio</name><type>INTEGER</type><key>true</key></attribute></attributes></class><class><name>Regiao</name><top>330</top><left>0</left><type>planar-subdivision</type><attributes><attribute><name>numRegiao</name><type>INTEGER</type><key>true</key></attribute></attributes></class><class><name>Ocorrencia</name><top>520</top><left>220</left><type>point</type><attributes><attribute><name>numOcorrencia</name><type>INTEGER</type><key>true</key></attribute><attribute><name>Data</name><type>DATE</type></attribute><attribute><name>Hora</name><type>TIME</type></attribute><attribute><name>Endereço</name><type>TEXT</type></attribute></attributes></class><class><name>Ocor_Armada</name><top>760</top><left>80</left><type>point</type><attributes></attributes></class><class><name>Ocor_Sequestro</name><top>760</top><left>250</left><type>point</type><attributes></attributes></class><class><name>Ocor_Homicidio</name><top>760</top><left>440</left><type>point</type><attributes></attributes></class><class><name>Ocor_Tentativa_Homicidio</name><top>760</top><left>620</left><type>point</type><attributes></attributes></class><class><name>Ocor_Estupro</name><top>760</top><left>880</left><type>point</type><attributes></attributes></class><class><name>Ocor_Tentitiva_Estupro</name><top>760</top><left>1300</left><type>point</type><attributes></attributes></class><class><name>Ocor_Roubo_Veiculos</name><top>760</top><left>1070</left><type>point</type><attributes></attributes></class><class><name>Pontos_Problematicos</name><top>160</top><left>280</left><type>point</type><attributes><attribute><name>numPoint</name><type>INTEGER</type><key>true</key></attribute><attribute><name>descrição</name><type>TEXT</type></attribute></attributes></class><class><name>Companhia</name><top>470</top><left>570</left><type>point</type><attributes><attribute><name>numCompanhia</name><type>INTEGER</type><key>true</key></attribute></attributes></class><class><name>Viaturas</name><top>470</top><left>940</left><type>point</type><attributes><attribute><name>numViatura</name><type>INTEGER</type><key>true</key></attribute></attributes></class><class><name>Itinerario</name><top>470</top><left>1190</left><type>conventional</type><attributes><attribute><name>numItinerario</name><type>INTEGER</type><key>true</key></attribute></attributes></class><class><name>Unidades_Medicas</name><top>120</top><left>740</left><type>point</type><attributes><attribute><name>numMedico</name><type>INTEGER</type><key>true</key></attribute></attributes></class><class><name>Hospitais</name><top>310</top><left>770</left><type>point</type><attributes></attributes></class><class><name>Pronto_Socorro</name><top>310</top><left>910</left><type>point</type><attributes></attributes></class><class><name>SAMU</name><top>180</top><left>520</left><type>point</type><attributes><attribute><name>numSAMU</name><type>INTEGER</type><key>true</key></attribute></attributes></class></classes><relationships><spatial-aggregation><class1>Regiao</class1><class2>Areas</class2></spatial-aggregation><topological><spatial-relations><spatial-relation>Intersects</spatial-relation><distance></distance></spatial-relations><class1>Municipios</class1><cardinality1><min>1</min><max>*</max></cardinality1><class2>Regiao</class2><cardinality2><min>1</min><max>1</max></cardinality2></topological><topological><spatial-relations><spatial-relation>Intersects</spatial-relation><distance></distance></spatial-relations><class1>Companhia</class1><cardinality1><min>1</min><max>1</max></cardinality1><class2>Viaturas</class2><cardinality2><min>0</min><max>*</max></cardinality2></topological><conventional><name></name><class1>Viaturas</class1><cardinality1><min>0</min><max>*</max></cardinality1><class2>Itinerario</class2><cardinality2><min>1</min><max>1</max></cardinality2></conventional><generalization><superclass>Unidades_Medicas</superclass><participation>total</participation><disjointness>overlapping</disjointness><subclasses><subclass>Hospitais</subclass><subclass>Pronto_Socorro</subclass></subclasses></generalization><topological><spatial-relations><spatial-relation>Intersects</spatial-relation><distance></distance></spatial-relations><class1>Areas</class1><cardinality1><min>1</min><max>1</max></cardinality1><class2>Companhia</class2><cardinality2><min>0</min><max>*</max></cardinality2></topological><topological><spatial-relations><spatial-relation>Intersects</spatial-relation><distance></distance></spatial-relations><class1>Areas</class1><cardinality1><min>0</min><max>*</max></cardinality1><class2>Ocorrencia</class2><cardinality2><min>0</min><max>*</max></cardinality2></topological><generalization><superclass>Ocorrencia</superclass><participation>total</participation><disjointness>disjoint</disjointness><subclasses><subclass>Ocor_Armada</subclass><subclass>Ocor_Sequestro</subclass><subclass>Ocor_Homicidio</subclass><subclass>Ocor_Tentativa_Homicidio</subclass><subclass>Ocor_Estupro</subclass><subclass>Ocor_Roubo_Veiculos</subclass><subclass>Ocor_Tentitiva_Estupro</subclass></subclasses></generalization></relationships></omtg-conceptual-schema>